{
  "resultados_masa": {
    "VDISP_LOW (<33%)": {
      "media_evolucion": 1.0077909149526716,
      "sem_evolucion": 0.020009033906572,
      "significancia_11": 3.862099322919393,
      "N_muestras_sin_reemplazo": 25
    },
    "VDISP_MID (33%-66%)": {
      "media_evolucion": 1.057289734794014,
      "sem_evolucion": 0.00883741431898819,
      "significancia_11": 3.999336021756358,
      "N_muestras_sin_reemplazo": 25
    },
    "VDISP_HIGH (>66%)": {
      "media_evolucion": 3.0235940015986076,
      "sem_evolucion": 0.1966565151015678,
      "significancia_11": 6.154020516397829,
      "N_muestras_sin_reemplazo": 25
    }
  }